{
    "loss": [
        0.006702087353914976,
        0.002259275410324335,
        0.0020608394406735897,
        0.0017446274869143963,
        0.0017419315408915281,
        0.0015356674557551742,
        0.0014451966853812337,
        0.0015389216132462025,
        0.001227623550221324,
        0.0014110073680058122,
        0.0013932865113019943,
        0.0012933410471305251,
        0.0010405525099486113,
        0.0010122625390067697,
        0.0010606347350403666,
        0.0009461003937758505
    ],
    "val_loss": [
        0.001400545472279191,
        0.001398209948092699,
        0.0010833620326593518,
        0.0013919149059802294,
        0.0009531371179036796,
        0.0009037127601914108,
        0.0008831202867440879,
        0.0013676200760528445,
        0.0014215264236554503,
        0.0007802672334946692,
        0.0007622628472745419,
        0.0008087669848464429,
        0.0007925051031634212,
        0.0008237675065174699,
        0.0008935266523621976,
        0.0007725827163085341
    ]
}