{
    "loss": [
        0.009135718457400799,
        0.002245974028483033,
        0.0017329074908047915,
        0.001640031230635941,
        0.0014750368427485228,
        0.0014025934506207705,
        0.0015419981209561229,
        0.0012770178727805614,
        0.0013986666454002261,
        0.0014537357492372394,
        0.0012578705791383982,
        0.0012611525598913431,
        0.00111748231574893
    ],
    "val_loss": [
        0.0021100779995322227,
        0.0011759770568460226,
        0.0010407065274193883,
        0.0009480752632953227,
        0.0012530835811048746,
        0.0018765871645882726,
        0.0008455069619230926,
        0.0008264757925644517,
        0.0009245834080502391,
        0.0015033447416499257,
        0.0009085010387934744,
        0.0010620375396683812,
        0.000826771545689553
    ]
}