{
    "loss": [
        0.1497301608324051,
        0.09270238131284714,
        0.04997130483388901,
        0.02617577835917473,
        0.038211941719055176,
        0.03085361048579216,
        0.026199782267212868,
        0.022976916283369064,
        0.026212187483906746,
        0.02728676237165928,
        0.021503405645489693,
        0.020833883434534073,
        0.020039957016706467,
        0.020549718290567398,
        0.019451679661870003,
        0.017087262123823166
    ],
    "val_loss": [
        0.17832612991333008,
        0.0694076418876648,
        0.01053188368678093,
        0.03969437628984451,
        0.0715106874704361,
        0.0303256306797266,
        0.009061460383236408,
        0.010571019724011421,
        0.011886903084814548,
        0.009787218645215034,
        0.008899648673832417,
        0.014702083542943,
        0.020037159323692322,
        0.021857870742678642,
        0.020530972629785538,
        0.019000940024852753
    ]
}