{
    "loss": [
        0.06391771882772446,
        0.022663623094558716,
        0.008523724041879177,
        0.004973316565155983,
        0.005279189441353083,
        0.005102075636386871,
        0.004428493324667215,
        0.0036698454059660435,
        0.004268863704055548,
        0.0035247451160103083,
        0.004261843394488096,
        0.003701192792505026,
        0.003695462364703417
    ],
    "val_loss": [
        0.04527510702610016,
        0.003370337188243866,
        0.004723831545561552,
        0.003383631119504571,
        0.0029704594053328037,
        0.0031818824354559183,
        0.0029700312297791243,
        0.0028280410915613174,
        0.0034305197186768055,
        0.0028807162307202816,
        0.0029187530744820833,
        0.0028872983530163765,
        0.002928217640146613
    ]
}