{
    "time_step": 30,
    "epochs": 50,
    "batch_size": 32,
    "rmse": 7.6463429179132,
    "mape": 0.04067966406138389,
    "duration": 93.90726351737976
}