{
    "time_step": 12,
    "epochs": 50,
    "batch_size": 32,
    "rmse": 21.726972353682143,
    "mape": 0.13964767802700204,
    "duration": 15.379888772964478
}