{
    "time_step": 30,
    "epochs": 50,
    "batch_size": 32,
    "rmse": 7.961895123891461,
    "mape": 0.0421581864764222,
    "duration": 69.12962770462036
}