{
    "time_step": 4,
    "epochs": 50,
    "batch_size": 32,
    "rmse": 14.140913356740846,
    "mape": 0.07813285810857971,
    "duration": 15.95044469833374
}